,UniProtKB ID,UniProtKB Name,Organism,Binding Affinity,Binding Sites
0,,,,,
0,P09211,GSTP1_HUMAN,Homo sapiens,Ki=0.4uM,"8,8;14,14;39,39;45,45;52,53;65,66;"
0,P00720,ENLYS_BPT4,Enterobacteria phage T4,Kd=19uM,"32,32;104,104;117,117;132,132;"
0,P00720,ENLYS_BPT4,Enterobacteria phage T4,Kd=290uM,"32,32;104,104;117,117;132,132;"
0,P00720,ENLYS_BPT4,Enterobacteria phage T4,Kd=14uM,"32,32;104,104;117,117;132,132;"
0,P00720,ENLYS_BPT4,Enterobacteria phage T4,Kd=422uM,"32,32;104,104;117,117;132,132;"
0,P00720,ENLYS_BPT4,Enterobacteria phage T4,Kd=470uM,"32,32;104,104;117,117;132,132;"
0,P12931,SRC_HUMAN,Homo sapiens,Kd=1uM,"276,284;298,298;"
0,P06401,PRGR_HUMAN,Homo sapiens,Ki=5.1nM,
0,P04585,POL_HV1H2,Human immunodeficiency virus type 1 group M subtype B (isolate HXB2),Ki=50uM,"697,697;772,772;773,773;1030,1030;1065,1065;1085,1085;1136,1136;1159,1159;1163,1163;1187,1187;1190,1190;1211,1211;1263,1263;1299,1299;"
0,P01834,IGKC_HUMAN,Homo sapiens,Kd=0.01uM,
0,P60953,CDC42_HUMAN,Homo sapiens,Kd=0.22uM,"10,17;57,61;115,118;"
0,P09945,HIRV2_HIRME,Hirudo medicinalis,Ki=1.2uM,
0,P0ABP8,DEOD_ECOLI,Escherichia coli (strain K12),Ki=5uM,"5,5;21,21;25,25;44,44;88,91;180,182;204,205;"
0,P03367,POL_HV1BR,Human immunodeficiency virus type 1 group M subtype B (isolate BRU/LAI),Ki=14nM,"709,709;784,784;785,785;1042,1042;1077,1077;1097,1097;1148,1148;1171,1171;1175,1175;1199,1199;1202,1202;1223,1223;1275,1275;1311,1311;"
0,P31133,POTF_ECOLI,Escherichia coli (strain K12),Kd=2uM,"38,38;247,247;278,278;"
0,P03366,POL_HV1B1,Human immunodeficiency virus type 1 group M subtype B (isolate BH10),Ki=119nM,"709,709;784,784;785,785;1042,1042;1077,1077;1097,1097;1148,1148;1171,1171;1175,1175;1199,1199;1202,1202;1223,1223;1275,1275;1311,1311;"
0,P55859,PNPH_BOVIN,Bos taurus,Kd=0.68uM,"33,33;64,64;84,86;88,88;116,116;201,201;219,219;220,220;243,243;257,257;"
0,P03367,POL_HV1BR,Human immunodeficiency virus type 1 group M subtype B (isolate BRU/LAI),Ki=4.0nM,"709,709;784,784;785,785;1042,1042;1077,1077;1097,1097;1148,1148;1171,1171;1175,1175;1199,1199;1202,1202;1223,1223;1275,1275;1311,1311;"
0,P03958,ADA_MOUSE,Mus musculus,Ki=0.18uM,"15,15;17,17;17,17;19,19;184,184;214,214;295,295;296,296;"
0,P04117,FABP4_MOUSE,Mus musculus,Kd=4.4uM,"127,129;"
